<?xml version="1.0" encoding="UTF-8"?>
<project-private xmlns="http://www.netbeans.org/ns/project-private/1">
    <editor-bookmarks xmlns="http://www.netbeans.org/ns/editor-bookmarks/2" lastBookmarkId="0"/>
    <open-files xmlns="http://www.netbeans.org/ns/projectui-open-files/2">
        <group>
            <file>file:/C:/Users/jhony/Desktop/SistemaVentaInventario/src/Modelo/ProveedorDao.java</file>
            <file>file:/C:/Users/jhony/Desktop/SistemaVentaInventario/src/Modelo/Config.java</file>
            <file>file:/C:/Users/jhony/Desktop/SistemaVentaInventario/src/Modelo/Cliente.java</file>
            <file>file:/C:/Users/jhony/Desktop/SistemaVentaInventario/src/Modelo/VentaDao.java</file>
            <file>file:/C:/Users/jhony/Desktop/SistemaVentaInventario/src/Modelo/ClienteDao.java</file>
            <file>file:/C:/Users/jhony/Desktop/SistemaVentaInventario/src/Modelo/Eventos.java</file>
            <file>file:/C:/Users/jhony/Desktop/SistemaVentaInventario/src/Vista/Login.java</file>
            <file>file:/C:/Users/jhony/Desktop/SistemaVentaInventario/src/Modelo/LoginDAO.java</file>
            <file>file:/C:/Users/jhony/Desktop/SistemaVentaInventario/src/Modelo/Productos.java</file>
            <file>file:/C:/Users/jhony/Desktop/SistemaVentaInventario/src/Modelo/ProductosDao.java</file>
            <file>file:/C:/Users/jhony/Desktop/SistemaVentaInventario/src/Modelo/Combo.java</file>
            <file>file:/C:/Users/jhony/Desktop/SistemaVentaInventario/src/Modelo/Detalle.java</file>
            <file>file:/C:/Users/jhony/Desktop/SistemaVentaInventario/src/Reportes/Grafico.java</file>
            <file>file:/C:/Users/jhony/Desktop/SistemaVentaInventario/src/Vista/Sistema.java</file>
            <file>file:/C:/Users/jhony/Desktop/SistemaVentaInventario/src/Modelo/Conexion.java</file>
        </group>
    </open-files>
</project-private>
